,City,Lat,Lng,Max Temp (°F),Humidity (%),Cloudiness (%),Wind Speed (mph),Country,Date
0,Norman Wells,65.282,-126.8329,32.04,86,75,10.36,CA,2021-09-26 13:22:03
1,Thompson,55.7435,-97.8558,53.76,71,40,5.75,CA,2021-09-26 13:18:39
2,Hirara,24.8,125.2833,83.44,77,3,11.32,JP,2021-09-26 13:22:04
3,George Town,5.4112,100.3354,76.95,98,40,5.75,MY,2021-09-26 13:28:23
4,Cape Town,-33.9258,18.4232,64.27,72,0,1.99,ZA,2021-09-26 13:28:01
5,Vaini,-21.2,-175.2,68.16,94,75,3.44,TO,2021-09-26 13:28:23
6,Jamestown,42.097,-79.2353,67.32,29,1,17.27,US,2021-09-26 13:22:05
7,Mulchén,-37.7167,-72.2333,58.86,32,30,7.96,CL,2021-09-26 13:22:05
8,Rikitea,-23.1203,-134.9692,73.42,71,17,19.62,PF,2021-09-26 13:28:24
9,Panlaitan,12.1191,119.8486,81.59,80,64,1.12,PH,2021-09-26 13:28:24
10,Bratsk,56.1325,101.6142,25.29,77,49,4.97,RU,2021-09-26 13:27:15
11,Srīvardhan,18.0333,73.0167,79.11,84,100,4.94,IN,2021-09-26 13:28:25
12,Salalah,17.0151,54.0924,82.49,89,75,10.36,OM,2021-09-26 13:28:25
13,Pangnirtung,66.1451,-65.7125,35.6,69,20,3.44,CA,2021-09-26 13:28:25
14,Barrow,71.2906,-156.7887,24.82,80,90,6.91,US,2021-09-26 13:28:26
15,Bethel,41.3712,-73.414,71.73,57,40,1.99,US,2021-09-26 13:22:09
16,Fairbanks,64.8378,-147.7164,31.6,92,75,0.0,US,2021-09-26 13:22:09
17,Nouakchott,18.0858,-15.9785,84.13,70,97,9.95,MR,2021-09-26 13:17:42
18,Bluff,-46.6,168.3333,38.8,78,29,7.29,NZ,2021-09-26 13:22:09
19,Severobaykal'sk,55.65,109.3167,34.54,77,96,5.32,RU,2021-09-26 13:22:10
20,Hilo,19.7297,-155.09,75.79,94,90,3.44,US,2021-09-26 13:22:09
21,Ankang,32.68,109.0172,70.48,93,100,1.12,CN,2021-09-26 13:22:10
22,Mossamedes,-15.1961,12.1522,64.8,80,49,6.22,AO,2021-09-26 13:22:11
23,Grindavik,63.8424,-22.4338,44.55,81,90,25.32,IS,2021-09-26 13:22:11
24,Busselton,-33.65,115.3333,56.05,90,36,13.67,AU,2021-09-26 13:22:11
25,Yellowknife,62.456,-114.3525,39.42,98,75,5.01,CA,2021-09-26 13:18:39
26,Hermanus,-34.4187,19.2345,63.9,84,30,7.25,ZA,2021-09-26 13:22:12
27,Esperance,-33.8667,121.9,56.21,85,51,14.36,AU,2021-09-26 13:22:12
28,Punta Arenas,-53.15,-70.9167,44.11,48,59,9.19,CL,2021-09-26 13:22:13
29,Homer,59.6425,-151.5483,40.05,89,1,0.0,US,2021-09-26 13:22:13
30,De Aar,-30.6497,24.0123,76.73,9,8,6.53,ZA,2021-09-26 13:22:13
31,Albany,42.6001,-73.9662,68.18,52,35,1.01,US,2021-09-26 13:21:09
32,Vao,-22.6667,167.4833,67.8,66,96,5.06,NC,2021-09-26 13:22:14
33,Inuvik,68.3499,-133.7218,30.96,97,90,4.61,CA,2021-09-26 13:22:14
34,Castro,-24.7911,-50.0119,79.77,46,15,8.95,BR,2021-09-26 13:22:15
35,Broken Hill,-31.95,141.4333,49.46,37,48,7.56,AU,2021-09-26 13:22:15
36,Mataura,-46.1927,168.8643,38.48,98,9,2.37,NZ,2021-09-26 13:22:15
37,Ushuaia,-54.8,-68.3,46.06,46,40,9.22,AR,2021-09-26 13:21:31
38,Kapaa,22.0752,-159.319,77.32,83,75,4.0,US,2021-09-26 13:19:45
39,Banda Aceh,5.5577,95.3222,79.43,80,99,14.5,ID,2021-09-26 13:22:16
40,Umeå,63.8284,20.2597,48.9,100,0,5.75,SE,2021-09-26 13:22:16
41,Saskylakh,71.9167,114.0833,33.91,98,100,10.38,RU,2021-09-26 13:22:17
42,Boqueirão,-7.5,-36.1333,90.95,44,78,17.18,BR,2021-09-26 13:22:17
43,Goundam,16.4145,-3.6708,100.38,19,76,5.84,ML,2021-09-26 13:22:18
44,Severo-Kuril'sk,50.6789,156.125,48.27,93,82,10.96,RU,2021-09-26 13:22:18
45,Lompoc,34.6391,-120.4579,62.28,91,90,3.44,US,2021-09-26 13:22:18
46,Laas,46.6166,10.7002,60.71,96,100,3.15,IT,2021-09-26 13:22:19
47,Cabo San Lucas,22.8909,-109.9124,92.61,67,26,0.78,MX,2021-09-26 13:22:19
48,Mount Gambier,-37.8333,140.7667,42.51,85,93,6.06,AU,2021-09-26 13:19:28
49,Gijón,43.5357,-5.6615,71.26,73,100,3.0,ES,2021-09-26 13:22:19
50,Aswān,24.0934,32.907,92.5,22,0,8.05,EG,2021-09-26 13:22:20
51,Kahului,20.8947,-156.47,80.83,88,40,14.97,US,2021-09-26 13:20:22
52,Mokrousovo,55.8103,66.7653,39.15,58,84,17.87,RU,2021-09-26 13:23:20
53,Atambua,-9.1061,124.8925,71.74,86,61,4.34,ID,2021-09-26 13:23:21
54,Kharp,66.8014,65.8081,30.74,84,68,4.32,RU,2021-09-26 13:23:21
55,Oruzgan,32.8333,66.0,68.5,11,0,1.63,AF,2021-09-26 13:23:21
56,Lorengau,-2.0226,147.2712,80.26,83,67,6.38,PG,2021-09-26 13:23:22
57,Oranjestad,12.524,-70.027,91.35,62,75,18.41,AW,2021-09-26 13:19:55
58,Ambon City,-3.6954,128.1814,75.34,94,40,5.75,ID,2021-09-26 13:23:22
59,Kavieng,-2.5744,150.7967,80.96,80,100,8.68,PG,2021-09-26 13:23:23
60,Kalabo,-14.97,22.6814,79.27,11,0,2.73,ZM,2021-09-26 13:23:23
61,Réo,12.3167,-2.4667,95.72,29,2,6.6,BF,2021-09-26 13:29:31
62,Yulara,-25.2406,130.9889,71.44,17,40,3.44,AU,2021-09-26 13:29:31
63,Lavrentiya,65.5833,-171.0,29.93,78,99,7.25,RU,2021-09-26 13:29:32
64,Khatanga,71.9667,102.5,32.59,84,100,7.65,RU,2021-09-26 13:29:32
65,Cap Malheureux,-19.9842,57.6142,70.29,90,7,5.01,MU,2021-09-26 13:29:32
66,Butaritari,3.0707,172.7902,83.55,74,91,16.82,KI,2021-09-26 13:29:33
67,Vila Velha,-20.3297,-40.2925,80.55,65,0,19.57,BR,2021-09-26 13:26:35
68,Bantry,51.6833,-9.45,57.15,69,100,10.87,IE,2021-09-26 13:23:26
69,Pevek,69.7008,170.3133,30.49,95,100,17.22,RU,2021-09-26 13:23:26
70,Qeshm,26.9581,56.2719,89.49,80,1,5.41,IR,2021-09-26 13:23:27
71,Ponta do Sol,32.6667,-17.1,76.71,69,97,1.16,PT,2021-09-26 13:23:27
72,Kruisfontein,-34.0033,24.7314,62.89,91,50,7.76,ZA,2021-09-26 13:23:27
73,Vadsø,70.0744,29.7487,48.36,76,20,9.22,NO,2021-09-26 13:23:28
74,Qaanaaq,77.484,-69.3632,20.05,70,48,7.05,GL,2021-09-26 13:23:28
75,Lewistown,40.5992,-77.5714,71.15,39,1,10.36,US,2021-09-26 13:23:29
76,Uttaradit,17.6667,100.5,69.53,100,96,1.57,TH,2021-09-26 13:23:29
77,Mosquera,4.7059,-74.2302,68.09,34,40,12.66,CO,2021-09-26 13:23:30
78,Sennar,13.5691,33.5672,82.72,54,60,6.71,SD,2021-09-26 13:23:30
79,Meulaboh,4.1363,96.1285,74.05,94,100,6.29,ID,2021-09-26 13:23:30
80,Marsá Maţrūḩ,31.3525,27.2453,77.2,61,40,8.05,EG,2021-09-26 13:23:31
81,Shirokiy,49.758,129.523,49.66,92,93,8.16,RU,2021-09-26 13:23:31
82,Port Alfred,-33.5906,26.891,65.52,88,38,13.58,ZA,2021-09-26 13:23:32
83,Olafsvik,64.8945,-23.7142,41.59,94,100,39.5,IS,2021-09-26 13:23:32
84,Örnsköldsvik,63.2909,18.7153,51.62,100,0,5.75,SE,2021-09-26 13:23:32
85,East London,-33.0153,27.9116,67.14,82,75,8.05,ZA,2021-09-26 13:23:33
86,Katsuura,35.1333,140.3,66.31,70,65,10.49,JP,2021-09-26 13:20:39
87,Hobyo,5.3505,48.5268,78.67,82,64,25.5,SO,2021-09-26 13:23:33
88,Tura,25.5198,90.2201,76.19,88,85,3.11,IN,2021-09-26 13:23:34
89,Atuona,-9.8,-139.0333,78.3,68,57,18.77,PF,2021-09-26 13:23:34
90,Klaksvík,62.2266,-6.589,52.72,92,100,25.57,FO,2021-09-26 13:23:34
91,Poum,-20.2333,164.0167,71.46,70,85,6.04,NC,2021-09-26 13:23:35
92,Mnogovershinnyy,53.9353,139.9242,38.25,79,6,2.82,RU,2021-09-26 13:23:35
93,Djibo,14.1022,-1.6306,98.67,20,16,4.32,BF,2021-09-26 13:23:35
94,Mar del Plata,-38.0023,-57.5575,60.82,65,0,20.0,AR,2021-09-26 13:23:36
95,Thatta,24.7475,67.9235,85.95,67,79,12.73,PK,2021-09-26 13:23:36
96,New Norfolk,-42.7826,147.0587,39.76,75,8,2.84,AU,2021-09-26 13:23:37
97,Katobu,-4.9408,122.5276,73.85,90,94,3.51,ID,2021-09-26 13:23:37
98,Ponta Delgada,37.7333,-25.6667,73.51,88,20,6.91,PT,2021-09-26 13:23:38
99,Koungou,-12.7336,45.2042,74.91,73,0,4.61,YT,2021-09-26 13:23:38
100,Cidreira,-30.1811,-50.2056,69.19,76,2,7.23,BR,2021-09-26 13:23:39
101,Mackay,-21.15,149.2,63.05,94,75,5.75,AU,2021-09-26 13:30:37
102,Flinders,-34.5833,150.8552,52.18,85,93,3.0,AU,2021-09-26 13:30:38
103,Chërnaya Kholunitsa,58.8511,51.7154,44.44,91,100,10.0,RU,2021-09-26 13:30:38
104,Acajutla,13.5928,-89.8275,85.66,66,86,6.8,SV,2021-09-26 13:30:38
105,Ribeira Grande,38.5167,-28.7,68.4,83,75,25.32,PT,2021-09-26 13:30:39
106,Tautira,-17.7333,-149.15,78.82,77,23,15.12,PF,2021-09-26 13:30:39
107,Chui,-33.6971,-53.4616,68.72,64,12,4.99,UY,2021-09-26 13:30:40
108,Haines Junction,60.7522,-137.5108,30.15,86,100,3.44,CA,2021-09-26 13:30:40
109,Saint-Philippe,-21.3585,55.7679,71.19,86,45,13.91,RE,2021-09-26 13:30:40
110,Victor Harbor,-35.5667,138.6167,59.9,54,70,9.62,AU,2021-09-26 13:30:41
111,Dikson,73.5069,80.5464,36.66,83,100,21.09,RU,2021-09-26 13:24:43
112,Mozelos,41.8677,-8.3978,68.86,67,100,6.62,PT,2021-09-26 13:24:43
113,High Prairie,55.4334,-116.4858,54.55,83,100,8.39,CA,2021-09-26 13:24:44
114,Mahébourg,-20.4081,57.7,70.09,88,75,6.91,MU,2021-09-26 13:24:44
115,Salas,43.4118,-6.2602,69.96,64,98,2.98,ES,2021-09-26 13:24:44
116,Saldanha,-33.0117,17.9442,73.45,84,2,10.89,ZA,2021-09-26 13:24:45
117,Belaya Gora,68.5333,146.4167,32.9,97,100,20.27,RU,2021-09-26 13:24:45
118,Leningradskiy,69.3833,178.4167,20.61,82,88,8.52,RU,2021-09-26 13:24:45
119,Abu Samrah,35.3029,37.1841,77.4,23,1,6.31,SY,2021-09-26 13:24:46
120,Shubarshi,48.5872,57.1869,52.7,69,36,8.25,KZ,2021-09-26 13:24:46
121,Maumere,-8.6199,122.2111,77.38,80,93,6.04,ID,2021-09-26 13:24:47
122,San Bartolomé de Tirajana,27.9248,-15.5733,68.47,71,20,19.57,ES,2021-09-26 13:24:47
123,Itupiranga,-5.1347,-49.3267,98.92,30,85,2.24,BR,2021-09-26 13:24:47
124,Evensk,61.95,159.2333,38.01,85,61,10.83,RU,2021-09-26 13:24:48
125,Koumac,-20.5667,164.2833,70.3,71,100,1.99,NC,2021-09-26 13:24:48
126,Vardø,70.3705,31.1107,48.4,81,0,17.27,NO,2021-09-26 13:24:49
127,Beloha,-25.1667,45.05,73.42,66,0,9.82,MG,2021-09-26 13:24:49
128,Nikolskoye,59.7035,30.7861,50.88,94,27,5.37,RU,2021-09-26 13:24:49
129,Bredasdorp,-34.5322,20.0403,60.28,77,67,8.05,ZA,2021-09-26 13:24:50
130,Port Elizabeth,-33.918,25.5701,65.1,82,75,5.75,ZA,2021-09-26 13:24:50
131,San Cristobal,7.7669,-72.225,91.58,37,21,8.41,VE,2021-09-26 13:24:50
132,Port Macquarie,-31.4333,152.9167,53.89,66,86,5.26,AU,2021-09-26 13:23:11
133,Bambous Virieux,-20.3428,57.7575,70.05,88,75,6.91,MU,2021-09-26 13:24:51
134,Fukuechō,32.6881,128.8419,74.8,81,55,16.78,JP,2021-09-26 13:24:51
135,Presidente Epitácio,-21.7633,-52.1156,103.53,15,75,5.88,BR,2021-09-26 13:24:52
136,Ust-Kuyga,70.0167,135.6,32.7,98,100,12.01,RU,2021-09-26 13:24:52
137,Cockburn Town,21.4612,-71.1419,82.72,71,1,4.45,TC,2021-09-26 13:19:59
138,Hobart,-42.8794,147.3294,40.12,89,5,4.0,AU,2021-09-26 13:24:53
139,Buraidah,26.326,43.975,88.25,23,0,11.01,SA,2021-09-26 13:24:53
140,Mahibadhoo,3.7833,72.9667,81.3,74,100,18.3,MV,2021-09-26 13:21:17
141,Ewo,-0.8725,14.8206,79.54,70,95,3.0,CG,2021-09-26 13:24:53
142,Isangel,-19.55,169.2667,69.17,80,15,6.11,VU,2021-09-26 13:24:54
143,Joutseno,61.118,28.5076,46.45,80,7,6.02,FI,2021-09-26 13:24:54
144,Ichnya,50.8626,32.3942,53.78,66,86,11.36,UA,2021-09-26 13:24:54
145,Penzance,50.1186,-5.5371,65.41,90,65,24.54,GB,2021-09-26 13:24:55
146,Padang,-0.9492,100.3543,76.26,97,100,3.67,ID,2021-09-26 13:24:55
147,Pisco,-13.7,-76.2167,66.25,72,0,10.36,PE,2021-09-26 13:20:41
148,Saint Paul Harbor,57.79,-152.4072,42.31,75,20,11.5,US,2021-09-26 13:24:56
149,Cairns,-16.9167,145.7667,70.07,89,67,8.05,AU,2021-09-26 13:24:56
150,Ahipara,-35.1667,173.1667,51.6,82,97,7.31,NZ,2021-09-26 13:24:56
151,Nerchinskiy Zavod,51.3088,119.61,39.9,91,67,6.42,RU,2021-09-26 13:25:57
152,Philadelphia,39.9523,-75.1638,73.56,48,20,5.99,US,2021-09-26 13:21:45
153,Sørland,67.667,12.6934,53.67,92,100,27.85,NO,2021-09-26 13:22:14
154,Araouane,18.9048,-3.5265,104.47,6,50,9.8,ML,2021-09-26 13:25:57
155,Kayerkan,69.3497,87.7602,32.85,66,68,5.37,RU,2021-09-26 13:25:58
156,Baghdad,33.3406,44.4009,84.11,23,75,12.66,IQ,2021-09-26 13:21:42
157,Lethem,3.3803,-59.7968,93.0,44,57,5.3,GY,2021-09-26 13:25:58
158,Avarua,-21.2078,-159.775,68.05,100,75,2.3,CK,2021-09-26 13:25:59
159,North Bend,43.4065,-124.2243,63.25,83,40,12.66,US,2021-09-26 13:25:59
160,Pombos,-8.1414,-35.3958,80.19,63,50,15.82,BR,2021-09-26 13:25:59
161,Dixon,38.4455,-121.8233,69.48,56,1,0.0,US,2021-09-26 13:26:00
162,Ilulissat,69.2167,-51.1,21.22,53,0,4.61,GL,2021-09-26 13:30:08
163,Bukama,-9.2,25.85,82.62,32,71,1.01,CD,2021-09-26 13:31:46
164,Dicabisagan,17.0818,122.4157,79.14,88,81,6.71,PH,2021-09-26 13:31:47
165,Caravelas,-17.7125,-39.2481,78.85,54,100,9.51,BR,2021-09-26 13:31:47
166,Quryq,43.2,51.65,61.59,60,4,7.27,KZ,2021-09-26 13:31:47
167,City of San Pedro,14.35,121.0167,83.43,80,20,2.3,PH,2021-09-26 13:31:48
168,Mehamn,71.0357,27.8492,49.95,66,0,13.8,NO,2021-09-26 13:26:02
169,Bengkulu,-3.8004,102.2655,75.47,89,100,3.0,ID,2021-09-26 13:26:03
170,Malanje,-9.5402,16.341,78.48,35,82,5.14,AO,2021-09-26 13:26:03
171,Loikaw,19.6742,97.2094,68.38,99,100,2.53,MM,2021-09-26 13:26:04
172,Emmett,43.8735,-116.4993,81.32,27,40,5.59,US,2021-09-26 13:26:04
173,Baykit,61.67,96.37,36.46,82,99,8.05,RU,2021-09-26 13:26:05
174,Tazovsky,67.4667,78.7,32.85,72,4,4.85,RU,2021-09-26 13:26:05
175,Tuktoyaktuk,69.4541,-133.0374,32.0,100,90,16.11,CA,2021-09-26 13:26:05
176,Nelson Bay,-32.7167,152.15,54.95,80,9,9.22,AU,2021-09-26 13:26:05
177,Russell,32.3502,-85.1999,81.68,49,1,4.61,US,2021-09-26 13:26:06
178,Yangi Marg`ilon,40.4272,71.7189,67.42,39,0,9.22,UZ,2021-09-26 13:26:06
179,Cassilândia,-19.1133,-51.7342,95.83,23,44,11.05,BR,2021-09-26 13:26:06
180,Turbat,26.0023,63.044,87.64,44,2,4.41,PK,2021-09-26 13:26:07
181,Mulatupo,8.9492,-77.7652,86.61,71,98,4.16,PA,2021-09-26 13:26:07
182,Darhan,49.4867,105.9228,40.1,63,27,4.41,MN,2021-09-26 13:26:08
183,Nanortalik,60.1432,-45.2371,39.63,66,13,5.5,GL,2021-09-26 13:26:08
184,Rossland,49.0831,-117.8022,59.92,55,97,8.01,CA,2021-09-26 13:26:08
185,Mizdah,31.4451,12.9801,80.94,25,70,10.11,LY,2021-09-26 13:26:09
186,Mahanoro,-19.9,48.8,69.04,78,3,2.82,MG,2021-09-26 13:26:09
187,Tabory,58.5198,64.5495,36.37,71,77,8.5,RU,2021-09-26 13:26:10
188,Andilamena,-17.0167,48.5833,57.67,92,24,7.96,MG,2021-09-26 13:26:10
189,Atar,20.5169,-13.0499,107.76,9,12,8.93,MR,2021-09-26 13:26:10
190,Souillac,-20.5167,57.5167,70.18,88,75,6.91,MU,2021-09-26 13:26:11
191,Almaznyy,48.0448,40.045,57.34,70,51,16.62,RU,2021-09-26 13:26:11
192,Guerrero Negro,27.9769,-114.0611,73.31,64,2,14.76,MX,2021-09-26 13:26:12
193,Agadez,19.75,10.25,89.64,13,0,9.4,NE,2021-09-26 13:26:12
194,Bullas,38.0467,-1.6723,79.99,36,67,4.5,ES,2021-09-26 13:26:13
195,Niquelândia,-14.4739,-48.4597,96.04,21,38,3.67,BR,2021-09-26 13:26:13
196,Ancud,-41.8697,-73.8203,51.33,62,22,6.22,CL,2021-09-26 13:26:13
197,Pyaozerskiy,65.8333,31.1667,44.96,87,62,4.88,RU,2021-09-26 13:26:14
198,Sambava,-14.2667,50.1667,72.41,80,53,15.39,MG,2021-09-26 13:26:14
199,Carnarvon,-24.8667,113.6333,59.07,77,40,4.61,AU,2021-09-26 13:26:14
200,Kiryat Gat,31.61,34.7642,84.4,1,47,9.62,IL,2021-09-26 13:24:01
201,Puerto Ayora,-0.7393,-90.3518,76.96,82,89,9.24,EC,2021-09-26 13:32:52
202,San Quintín,30.4833,-115.95,71.02,67,87,7.94,MX,2021-09-26 13:32:52
203,Waingapu,-9.6567,120.2641,74.89,81,65,6.8,ID,2021-09-26 13:32:53
204,Cherskiy,68.75,161.3,32.34,99,100,18.77,RU,2021-09-26 13:32:53
205,Boo,59.3333,18.2833,55.08,75,0,4.61,SE,2021-09-26 13:32:53
206,Krasnoarmeyskoye,52.7182,50.0322,52.99,91,100,3.83,RU,2021-09-26 13:32:54
207,Luocheng,29.3848,104.0286,69.26,85,100,0.98,CN,2021-09-26 13:32:54
208,Provideniya,64.3833,-173.3,32.68,94,94,6.35,RU,2021-09-26 13:32:54
209,Kisiwani,-4.1333,37.95,70.52,67,72,5.59,TZ,2021-09-26 13:32:55
210,Lagoa,39.05,-27.9833,67.06,73,89,24.67,PT,2021-09-26 13:32:55
211,Arraial do Cabo,-22.9661,-42.0278,84.16,65,0,18.41,BR,2021-09-26 13:32:56
212,Coquimbo,-29.9533,-71.3436,64.13,63,0,17.27,CL,2021-09-26 13:32:56
213,Faanui,-16.4833,-151.75,79.07,77,3,15.75,PF,2021-09-26 13:29:02
214,Makkah al Mukarramah,21.4267,39.8261,88.29,48,15,3.18,SA,2021-09-26 13:32:22
215,Panjakent,39.4952,67.6093,73.2,16,0,5.01,TJ,2021-09-26 13:32:57
216,Cortez,37.3489,-108.5859,71.67,44,1,0.0,US,2021-09-26 13:32:57
217,Taltal,-25.4,-70.4833,64.58,66,25,5.17,CL,2021-09-26 13:32:57
218,Chokurdakh,70.6333,147.9167,30.09,87,100,16.44,RU,2021-09-26 13:32:58
219,Damara,4.9608,18.7035,78.22,90,70,1.92,CF,2021-09-26 13:32:58
220,Mwene-Ditu,-7.0,23.45,75.96,52,100,3.8,CD,2021-09-26 13:32:58
221,Maningrida,-12.0667,134.2667,74.3,85,42,5.88,AU,2021-09-26 13:32:59
222,São Félix do Xingu,-6.6447,-51.995,91.26,38,54,3.96,BR,2021-09-26 13:32:59
223,Auki,-8.7676,160.7034,76.59,88,85,2.95,SB,2021-09-26 13:32:59
224,Mogadishu,2.0371,45.3438,78.19,82,4,18.5,SO,2021-09-26 13:33:00
225,Hithadhoo,-0.6,73.0833,82.96,73,88,15.52,MV,2021-09-26 13:33:00
226,Ratnagiri,16.9833,73.3,78.62,85,81,3.62,IN,2021-09-26 13:33:00
227,Quesnel,52.9999,-122.5029,57.7,82,20,8.05,CA,2021-09-26 13:33:01
228,Srednekolymsk,67.45,153.6833,33.03,97,100,19.35,RU,2021-09-26 13:33:01
229,São João da Barra,-21.6403,-41.0511,82.49,74,34,21.7,BR,2021-09-26 13:33:02
230,Palmer,42.1584,-72.3287,72.68,43,20,1.01,US,2021-09-26 13:33:02
231,Shimoda,34.6667,138.95,64.11,84,75,13.85,JP,2021-09-26 13:33:03
232,Porto-Novo,6.4965,2.6036,80.42,87,84,4.14,BJ,2021-09-26 13:33:03
233,Atbasar,51.8,68.3333,44.49,35,100,24.29,KZ,2021-09-26 13:33:03
234,Tasiilaq,65.6145,-37.6368,39.36,70,47,2.86,GL,2021-09-26 13:33:04
235,Upernavik,72.7868,-56.1549,25.72,64,6,2.44,GL,2021-09-26 13:33:04
236,Hong Kong,22.2855,114.1577,84.33,79,48,1.01,HK,2021-09-26 13:28:21
237,Guilin,25.2819,110.2864,77.11,77,88,1.34,CN,2021-09-26 13:33:04
238,Kumul,42.8,93.45,63.82,20,2,4.09,CN,2021-09-26 13:33:05
239,Batagay-Alyta,67.8006,130.4114,24.44,88,72,4.14,RU,2021-09-26 13:33:05
240,Zhicheng,30.2956,111.5047,71.73,83,13,2.01,CN,2021-09-26 13:33:06
241,Kavaratti,10.5669,72.642,81.55,81,75,22.15,IN,2021-09-26 13:33:06
242,Tiksi,71.6872,128.8694,34.16,97,100,11.79,RU,2021-09-26 13:33:07
243,Kieta,-6.2167,155.6333,78.62,83,69,1.83,PG,2021-09-26 13:33:07
244,Seidu,9.0167,-10.6,74.52,91,100,2.46,SL,2021-09-26 13:33:08
245,Hasaki,35.7333,140.8333,64.29,69,45,13.09,JP,2021-09-26 13:33:08
246,Maltahöhe,-24.8333,16.9833,78.8,17,29,16.44,NA,2021-09-26 13:33:08
247,Tessalit,20.1986,1.0114,96.31,10,0,14.81,ML,2021-09-26 13:33:09
248,Geraldton,-28.7667,114.6,62.13,77,40,6.91,AU,2021-09-26 13:33:09
249,Henties Bay,-22.116,14.2845,57.85,83,5,4.81,NA,2021-09-26 13:33:09
250,Campina Verde,-19.5356,-49.4864,95.79,18,51,3.91,BR,2021-09-26 13:33:10
251,Caraúbas,-5.7925,-37.5567,89.82,26,48,14.76,BR,2021-09-26 13:34:10
252,Kortkeros,61.8106,51.5806,42.8,92,100,9.17,RU,2021-09-26 13:34:11
253,Qaqortoq,60.7167,-46.0333,43.3,50,1,1.01,GL,2021-09-26 13:34:11
254,Chapleau,47.8405,-83.4034,59.09,72,75,6.91,CA,2021-09-26 13:30:13
255,Camocim,-2.9022,-40.8411,91.8,48,55,20.09,BR,2021-09-26 13:34:12
256,Berlevåg,70.8578,29.0864,50.0,77,100,16.69,NO,2021-09-26 13:34:12
257,Inhambane,-23.865,35.3833,75.18,83,20,6.91,MZ,2021-09-26 13:34:12
258,Airai,-8.9266,125.4092,57.92,79,93,2.33,TL,2021-09-26 13:34:13
259,Beringovskiy,63.05,179.3167,36.59,61,88,4.54,RU,2021-09-26 13:34:13
260,Gaoual,11.75,-13.2,82.9,85,100,0.2,GN,2021-09-26 13:34:14
261,Gemeente Wageningen,51.9667,5.6667,69.19,84,90,4.61,NL,2021-09-26 13:34:14
262,Bereda,43.2686,-7.5406,67.41,73,100,5.93,ES,2021-09-26 13:34:14
263,Ayagoz,47.9714,80.4392,37.63,55,96,15.21,KZ,2021-09-26 13:34:15
264,Pangody,65.85,74.4859,31.95,82,2,4.54,RU,2021-09-26 13:34:15
265,Mwinilunga,-11.7358,24.4293,75.97,23,90,2.39,ZM,2021-09-26 13:34:15
266,Dalbandin,28.8947,64.4101,83.89,8,0,2.62,PK,2021-09-26 13:34:16
267,Valle Hermoso,25.6667,-97.8333,87.89,43,23,3.33,MX,2021-09-26 13:34:16
268,Wonthaggi,-38.6044,145.5913,42.71,85,0,7.0,AU,2021-09-26 13:34:17
269,Ostrovnoy,68.0531,39.5131,44.67,89,85,8.1,RU,2021-09-26 13:34:17
270,Itarema,-2.9248,-39.9167,85.73,61,80,20.67,BR,2021-09-26 13:34:17
271,Ust'-Ilimsk,58.0006,102.6619,34.43,98,100,6.62,RU,2021-09-26 13:34:18
272,Candolim,15.5181,73.7626,79.72,85,99,8.01,IN,2021-09-26 13:34:18
273,Santos Reyes Nopala,16.1092,-97.1561,86.68,53,48,4.43,MX,2021-09-26 13:34:18
274,Lac du Bonnet,50.2536,-96.0612,68.58,35,10,4.94,CA,2021-09-26 13:34:19
275,Necochea,-38.5473,-58.7368,54.03,70,39,17.09,AR,2021-09-26 13:34:19
276,Tabuk,17.4189,121.4443,74.21,91,27,2.82,PH,2021-09-26 13:34:19
277,Torbay,47.6666,-52.7314,64.76,61,40,14.97,CA,2021-09-26 13:30:15
278,Ivanovka,42.8878,75.085,66.63,12,9,6.87,KG,2021-09-26 13:34:20
279,Gorin,51.1983,136.6669,47.55,90,100,3.18,RU,2021-09-26 13:34:20
280,Karratha,-20.7377,116.8463,70.99,46,3,15.14,AU,2021-09-26 13:34:20
281,Opochka,56.7105,28.6617,43.03,95,8,4.99,RU,2021-09-26 13:34:21
282,Pedernales,18.0384,-71.744,85.91,69,80,6.71,DO,2021-09-26 13:34:21
283,Sisimiut,66.9395,-53.6735,31.48,43,0,6.13,GL,2021-09-26 13:34:21
284,Chino Valley,34.7575,-112.4538,62.38,90,90,4.61,US,2021-09-26 13:34:22
285,Takapau,-40.0333,176.35,41.18,85,81,1.9,NZ,2021-09-26 13:34:22
286,Alma,48.5501,-71.6491,62.1,88,100,11.1,CA,2021-09-26 13:34:23
287,Kloulklubed,7.0419,134.2556,83.39,76,100,8.03,PW,2021-09-26 13:34:23
288,Carnot,4.9409,15.8665,71.01,95,56,3.6,CF,2021-09-26 13:34:23
289,Port Blair,11.6667,92.75,79.43,87,98,14.07,IN,2021-09-26 13:34:24
290,Wahiawā,21.5028,-158.0236,75.52,83,20,0.0,US,2021-09-26 13:34:24
291,Kaohsiung City,22.6163,120.3133,85.03,82,40,2.3,TW,2021-09-26 13:30:57
292,Narrabri,-30.3167,149.7833,50.09,71,0,13.8,AU,2021-09-26 13:34:24
293,New Castle,41.0037,-80.347,73.49,36,1,11.5,US,2021-09-26 13:31:17
294,Ugoofaaru,5.6667,73.0,77.63,87,100,27.11,MV,2021-09-26 13:34:25
295,Bam,29.106,58.357,84.99,6,0,6.73,IR,2021-09-26 13:34:25
296,Bela,25.9333,81.9833,82.76,75,90,6.71,IN,2021-09-26 13:34:26
297,Lata,40.1629,-8.3327,72.05,74,97,4.72,PT,2021-09-26 13:34:26
298,Abashiri,44.0213,144.2697,49.95,87,71,7.94,JP,2021-09-26 13:34:26
299,Tirlyanskiy,54.2109,58.5806,41.18,87,100,11.68,RU,2021-09-26 13:34:27
300,Talnakh,69.4865,88.3972,33.37,57,80,5.97,RU,2021-09-26 13:34:27
301,Byron Bay,-28.65,153.6167,58.95,67,98,11.79,AU,2021-09-26 13:35:27
302,Pāveh,35.0434,46.3565,63.55,32,0,3.98,IR,2021-09-26 13:35:28
303,Petatlán,17.5167,-101.2667,88.36,58,85,4.09,MX,2021-09-26 13:35:28
304,Hinton,53.4001,-117.5857,62.64,55,98,6.04,CA,2021-09-26 13:35:28
305,Nouadhibou,20.931,-17.0347,76.98,69,19,19.57,MR,2021-09-26 13:32:52
306,Launceston,-41.45,147.1667,38.61,92,40,1.01,AU,2021-09-26 13:35:29
307,Yatou,37.15,122.3833,68.02,91,100,10.96,CN,2021-09-26 13:35:29
308,Avera,33.194,-82.5271,80.94,40,3,2.91,US,2021-09-26 13:35:30
309,Thanh Pho Uong Bi,21.0333,106.7833,78.78,89,60,2.84,VN,2021-09-26 13:35:30
310,Dhārchula,29.85,80.5333,67.87,87,11,4.25,IN,2021-09-26 13:35:30
311,Bakchar,57.0186,82.0711,36.64,98,100,8.03,RU,2021-09-26 13:35:31
312,Tākestān,36.0696,49.6959,57.33,71,1,10.47,IR,2021-09-26 13:35:31
313,Tecolutla,20.4833,-97.0167,83.07,67,28,6.49,MX,2021-09-26 13:35:31
314,Constitución,-35.3333,-72.4167,59.47,55,100,16.4,CL,2021-09-26 13:31:26
315,Turukhansk,65.8167,87.9833,34.56,83,11,6.08,RU,2021-09-26 13:35:32
316,Ulladulla,-35.35,150.4667,49.1,68,96,3.18,AU,2021-09-26 13:35:32
317,Hualmay,-11.0964,-77.6139,68.31,70,45,10.6,PE,2021-09-26 13:35:33
318,Adrar,20.5022,-10.0711,103.14,11,10,11.16,MR,2021-09-26 13:35:33
319,Puerto Carreño,6.189,-67.4859,90.84,51,60,2.95,CO,2021-09-26 13:34:12
320,Arezzo,43.4724,11.869,78.24,88,52,3.69,IT,2021-09-26 13:35:34
321,Sobolevo,54.4299,31.8996,44.96,93,48,10.71,RU,2021-09-26 13:35:34
322,Francistown,-21.17,27.5079,75.51,18,0,12.03,BW,2021-09-26 13:35:34
323,Sola,-13.8833,167.55,78.13,79,21,15.35,VU,2021-09-26 13:33:34
324,Moberly,39.4184,-92.4382,84.04,35,1,14.97,US,2021-09-26 13:35:35
325,Kosonsoy,41.2561,71.5508,63.16,12,0,5.99,UZ,2021-09-26 13:35:35
326,Dakar,14.6937,-17.4441,90.48,84,40,6.91,SN,2021-09-26 13:31:20
327,Honiara,-9.4333,159.95,77.04,88,77,3.87,SB,2021-09-26 13:35:36
328,Laguna,38.421,-121.4238,82.22,65,1,11.5,US,2021-09-26 13:35:36
329,Lima,-12.0432,-77.0282,65.39,95,75,1.01,PE,2021-09-26 13:32:45
330,Leshukonskoye,64.8989,45.7622,45.18,98,100,3.04,RU,2021-09-26 13:35:37
331,Phuket,8.0,98.25,75.42,100,40,2.3,TH,2021-09-26 13:35:37
332,Samarinda,-0.5,117.15,73.42,98,38,2.04,ID,2021-09-26 13:35:37
333,Dingle,10.9995,122.6711,76.08,92,80,1.99,PH,2021-09-26 13:35:37
334,Hambantota,6.1241,81.1185,80.08,82,100,23.09,LK,2021-09-26 13:35:38
335,Iaçu,-12.7672,-40.2117,84.96,45,80,10.76,BR,2021-09-26 13:35:38
336,Mareeba,-17.0,145.4333,65.12,94,61,2.57,AU,2021-09-26 13:35:39
337,Belle Fourche,44.6714,-103.8522,87.49,12,0,9.01,US,2021-09-26 13:33:15
338,Pallasovka,50.05,46.8833,52.81,88,99,12.77,RU,2021-09-26 13:35:39
339,Port Hedland,-20.3167,118.5667,66.25,88,5,10.36,AU,2021-09-26 13:35:40
340,Tuatapere,-46.1333,167.6833,33.94,87,24,4.25,NZ,2021-09-26 13:35:12
341,San Patricio,28.017,-97.5169,86.09,38,8,6.85,US,2021-09-26 13:35:40
342,Itapeva,-23.9822,-48.8756,85.44,39,3,9.44,BR,2021-09-26 13:35:41
343,Sauda,59.6506,6.3542,61.27,69,96,5.7,NO,2021-09-26 13:35:41
344,Lindi,-10.0,39.7167,72.68,86,15,3.51,TZ,2021-09-26 13:35:42
345,Kyshtovka,56.555,76.6271,34.32,94,98,7.63,RU,2021-09-26 13:35:42
346,Havelock,34.8791,-76.9013,79.05,55,1,4.0,US,2021-09-26 13:34:44
347,Manakara,-22.1333,48.0167,68.99,80,13,6.26,MG,2021-09-26 13:35:42
348,Deputatsky,69.3,139.9,27.84,86,100,21.79,RU,2021-09-26 13:35:43
349,Van,38.4924,43.3831,49.35,46,0,3.44,TR,2021-09-26 13:31:14
350,São Geraldo do Araguaia,-6.4006,-48.555,102.6,22,44,3.04,BR,2021-09-26 13:35:43
351,Havøysund,70.9963,24.6622,48.43,77,100,11.23,NO,2021-09-26 13:36:44
352,Portland,45.5234,-122.6762,63.9,72,75,4.0,US,2021-09-26 13:25:40
353,Dhidhdhoo,6.8833,73.1,77.99,92,100,25.14,MV,2021-09-26 13:36:44
354,Saint George,37.1041,-113.5841,85.53,32,92,1.99,US,2021-09-26 13:36:40
355,Kiunga,-6.1219,141.2906,72.75,100,100,1.5,PG,2021-09-26 13:36:45
356,Dessalines,19.2833,-72.5,90.63,52,23,5.35,HT,2021-09-26 13:36:45
357,Tsimmerbude,54.675,20.1347,53.65,71,96,7.96,RU,2021-09-26 13:35:49
358,Matara,5.9485,80.5353,78.6,88,100,19.77,LK,2021-09-26 13:36:46
359,Lázaro Cárdenas,17.9583,-102.2,86.4,65,100,2.93,MX,2021-09-26 13:34:42
360,Usinsk,65.9939,57.5281,37.71,66,100,6.44,RU,2021-09-26 13:36:46
361,Vila Franca do Campo,37.7167,-25.4333,73.2,82,100,3.83,PT,2021-09-26 13:36:47
362,Jining,35.405,116.5814,66.36,97,100,9.06,CN,2021-09-26 13:36:47
363,Alofi,-19.0595,-169.9187,58.89,100,47,1.14,NU,2021-09-26 13:34:43
364,Coruripe,-10.1256,-36.1756,80.2,72,12,12.82,BR,2021-09-26 13:36:48
365,Quatre Cocos,-20.2078,57.7625,69.91,84,32,15.12,MU,2021-09-26 13:36:48
366,Lebu,-37.6167,-73.65,52.56,58,28,20.31,CL,2021-09-26 13:36:48
367,Lüderitz,-26.6481,15.1594,58.24,92,15,13.51,NA,2021-09-26 13:36:49
368,Ambilobe,-13.2,49.05,72.97,72,68,3.27,MG,2021-09-26 13:33:26
369,Vychegodskiy,61.247,46.8984,45.28,94,100,7.02,RU,2021-09-26 13:36:49
370,Wanning,18.8003,110.3967,78.85,88,26,1.54,CN,2021-09-26 13:36:50
371,Fort Nelson,58.8053,-122.7002,44.19,57,90,6.91,CA,2021-09-26 13:36:50
372,Faya,18.3851,42.4509,75.31,23,31,11.56,SA,2021-09-26 13:36:51
373,Gemena,3.25,19.7667,71.98,95,85,1.81,CD,2021-09-26 13:36:51
374,Acapulco de Juárez,16.8634,-99.8901,85.53,68,99,4.74,MX,2021-09-26 13:36:51
375,São Raimundo Nonato,-9.0153,-42.6994,95.74,23,3,10.63,BR,2021-09-26 13:36:52
376,Kununurra,-15.7667,128.7333,69.78,73,98,0.0,AU,2021-09-26 13:36:52
377,Tombouctou,20.0,-3.0,97.05,7,8,7.0,ML,2021-09-26 13:36:53
378,Luján,-34.5703,-59.105,83.03,48,1,1.1,AR,2021-09-26 13:36:53
379,Ossora,59.2353,163.0719,41.45,86,96,8.1,RU,2021-09-26 13:36:53
380,Linjiang,41.8069,126.9078,58.39,97,100,1.74,CN,2021-09-26 13:36:54
381,Seara,41.1818,-7.8003,69.87,67,99,5.79,PT,2021-09-26 13:36:54
382,Businga,3.3333,20.8833,74.12,84,45,0.27,CD,2021-09-26 13:36:55
383,Samoylovka,51.184,43.7081,48.16,85,88,16.62,RU,2021-09-26 13:36:55
384,Kropotkin,45.4375,40.5756,59.81,78,94,21.85,RU,2021-09-26 13:36:55
385,College,64.8569,-147.8028,31.59,91,75,0.0,US,2021-09-26 13:36:56
386,Matveyevka,52.15,56.1833,49.15,67,100,3.91,RU,2021-09-26 13:36:56
387,Youghal,51.95,-7.8506,60.03,88,100,8.5,IE,2021-09-26 13:36:57
388,Aitape,-3.1374,142.3475,77.59,90,96,4.0,PG,2021-09-26 13:36:57
389,Salamiyah,35.0113,37.0532,75.51,25,4,7.92,SY,2021-09-26 13:36:58
390,Mitsamiouli,-11.3847,43.2844,79.09,69,20,11.5,KM,2021-09-26 13:36:58
391,Rosetta,31.4044,30.4164,75.02,66,8,10.38,EG,2021-09-26 13:36:58
392,Grand-Santi,4.25,-54.3833,99.72,29,25,2.35,GF,2021-09-26 13:36:59
393,Zimovniki,47.1483,42.4633,58.01,64,77,15.19,RU,2021-09-26 13:36:59
394,Lyngdal,58.1376,7.07,59.05,85,90,16.02,NO,2021-09-26 13:33:34
395,Inongo,-1.95,18.2667,71.76,84,46,3.94,CD,2021-09-26 13:36:59
396,Inyonga,-6.7167,32.0667,78.84,32,95,3.65,TZ,2021-09-26 13:37:00
397,Prince Rupert,54.3161,-130.3201,50.09,95,90,6.91,CA,2021-09-26 13:35:17
398,Tambopata,-12.7333,-69.1833,94.89,49,40,8.05,PE,2021-09-26 13:37:00
399,Srandakan,-7.9386,110.2506,77.45,84,85,9.78,ID,2021-09-26 13:37:01
400,Marion,39.7684,-86.1555,76.55,44,40,14.97,US,2021-09-26 13:32:37
401,Oranjemund,-28.55,16.4333,57.0,96,28,8.19,NA,2021-09-26 13:38:01
402,Gimli,50.6336,-96.9907,67.42,72,18,12.66,CA,2021-09-26 13:38:01
403,Newcastle,-32.9272,151.7765,56.71,81,62,0.0,AU,2021-09-26 13:37:36
404,Miyako,39.6367,141.9525,59.05,82,85,6.69,JP,2021-09-26 13:38:02
405,Quirinópolis,-18.4483,-50.4517,100.35,16,32,3.71,BR,2021-09-26 13:38:02
406,Al Bardīyah,31.7561,25.0865,74.23,56,0,8.3,LY,2021-09-26 13:38:03
407,Seymchan,62.8833,152.4333,28.87,79,32,2.19,RU,2021-09-26 13:38:03
408,Dukat,62.55,155.55,25.5,91,79,3.18,RU,2021-09-26 13:36:42
409,Stonewall,50.1344,-97.3268,69.67,34,40,8.75,CA,2021-09-26 13:38:03
410,San Vicente,-26.6167,-54.1333,89.42,20,0,4.05,AR,2021-09-26 13:38:04
411,Puerto Colombia,10.9878,-74.9547,91.49,73,31,15.66,CO,2021-09-26 13:38:04
412,Marquette,46.5333,-87.6335,62.67,69,68,5.84,US,2021-09-26 13:34:25
413,Pokhara,28.2333,83.9833,69.48,86,69,6.46,NP,2021-09-26 13:38:05
414,Kurumkan,54.3,110.3,33.82,85,76,5.01,RU,2021-09-26 13:38:05
415,Tadine,-21.55,167.8833,68.05,70,63,7.54,NC,2021-09-26 13:38:05
416,Parczew,51.6402,22.9006,56.01,69,21,6.98,PL,2021-09-26 13:38:06
417,Manggar,-2.8833,108.2667,80.85,77,92,4.79,ID,2021-09-26 13:38:06
418,Viedma,-40.8135,-62.9967,56.55,35,7,13.44,AR,2021-09-26 13:38:06
419,Half Moon Bay,37.4636,-122.4286,69.06,75,90,6.91,US,2021-09-26 13:35:44
420,Korla,41.7597,86.1469,64.65,25,0,4.38,CN,2021-09-26 13:38:07
421,Buchanan,5.8808,-10.0467,82.36,90,100,9.04,LR,2021-09-26 13:38:07
422,Klyuchi,52.2667,79.1667,32.34,68,5,3.89,RU,2021-09-26 13:38:08
423,Paita,-5.0892,-81.1144,75.76,71,97,15.52,PE,2021-09-26 13:38:08
424,Sinnamary,5.3833,-52.95,87.49,61,46,14.2,GF,2021-09-26 13:38:08
425,Ürümqi,43.801,87.6005,52.75,35,0,2.24,CN,2021-09-26 13:38:09
426,Fort-Shevchenko,44.5086,50.263,64.18,66,17,17.52,KZ,2021-09-26 13:38:09
427,Bathurst,-33.4166,149.5806,43.83,90,5,6.11,AU,2021-09-26 13:38:09
428,Wawa,9.9022,4.4192,79.75,76,95,2.08,NG,2021-09-26 13:38:10
429,Asău,46.4333,26.4,63.39,84,2,2.33,RO,2021-09-26 13:38:10
430,Sangīn,32.0728,64.8359,80.67,8,0,4.14,AF,2021-09-26 13:38:10
431,Marawi,7.9986,124.2928,65.64,90,100,3.47,PH,2021-09-26 13:38:11
432,Şabyā,17.1495,42.6254,91.02,69,53,5.08,SA,2021-09-26 13:38:11
433,Gizo Government Station,-8.103,156.8419,81.09,77,75,4.81,SB,2021-09-26 13:38:12
434,Majene,-3.5403,118.9707,77.38,84,60,7.38,ID,2021-09-26 13:38:12
435,Capitán Bado,-23.2667,-55.5333,93.61,24,56,5.46,PY,2021-09-26 13:38:13
436,North Branch,45.5113,-92.9802,73.85,74,81,7.36,US,2021-09-26 13:38:13
437,Destin,30.3935,-86.4958,86.23,54,1,9.22,US,2021-09-26 13:36:01
438,Baruun-Urt,46.6806,113.2792,40.96,58,0,7.72,MN,2021-09-26 13:38:14
439,Clyde River,70.4692,-68.5914,29.66,80,20,7.27,CA,2021-09-26 13:38:14
440,Wagar,16.1525,36.2032,89.01,44,9,11.27,SD,2021-09-26 13:38:14
441,Aykhal,66.0,111.5,26.6,79,18,9.91,RU,2021-09-26 13:36:46
442,Lawton,34.6087,-98.3903,88.41,31,1,11.5,US,2021-09-26 13:38:08
443,Walvis Bay,-22.9575,14.5053,59.95,77,25,8.05,NA,2021-09-26 13:36:06
444,Kabarnet,0.4919,35.743,59.81,72,85,4.97,KE,2021-09-26 13:38:15
445,George Town,5.4112,100.3354,76.95,98,40,5.99,MY,2021-09-26 13:38:15
446,Nālūt,30.3333,10.85,87.84,21,41,9.53,LY,2021-09-26 13:38:16
447,Malbork,54.0359,19.0266,60.89,68,53,7.61,PL,2021-09-26 13:38:16
448,Novooleksiyivka,46.2269,34.6428,65.08,57,65,13.13,UA,2021-09-26 13:38:17
449,Mount Isa,-20.7333,139.5,73.17,15,0,9.22,AU,2021-09-26 13:38:17
450,Broome,42.2506,-75.833,68.02,55,75,3.0,US,2021-09-26 13:34:36
451,Ketchikan,55.3422,-131.6461,48.67,87,75,0.0,US,2021-09-26 13:35:49
452,Kimbe,-5.5502,150.1429,74.62,93,74,3.53,PG,2021-09-26 13:39:18
453,Moranbah,-22.0016,148.0466,59.41,89,6,11.97,AU,2021-09-26 13:39:18
454,Camacha,33.0833,-16.3333,72.82,64,20,6.91,PT,2021-09-26 13:34:39
455,Ankpa,7.3706,7.6253,73.0,92,78,3.87,NG,2021-09-26 13:39:19
456,Raudeberg,61.9875,5.1352,62.38,77,99,10.6,NO,2021-09-26 13:39:19
457,Havre-St-Pierre,50.2334,-63.5986,59.36,100,90,13.8,CA,2021-09-26 13:39:20
458,Pemba,-12.974,40.5178,77.7,83,20,10.36,MZ,2021-09-26 13:34:37
459,Yong’an,39.6957,113.6871,54.82,92,63,1.39,CN,2021-09-26 13:39:20
460,Nāmagiripettai,11.4667,78.2667,79.36,78,100,5.06,IN,2021-09-26 13:39:20
461,Santa Cruz de la Sierra,-17.8,-63.1667,93.25,43,20,23.02,BO,2021-09-26 13:39:21
462,Güstrow,53.7972,12.1734,69.12,73,75,10.36,DE,2021-09-26 13:39:21
463,Makakilo City,21.3469,-158.0858,78.28,73,1,6.91,US,2021-09-26 13:39:22
464,Paredon,16.0333,-93.8667,89.46,60,48,2.46,MX,2021-09-26 13:39:22
465,Bintulu,3.1667,113.0333,79.21,94,40,3.0,MY,2021-09-26 13:38:48
466,Moroni,-11.7022,43.2551,78.8,69,20,11.5,KM,2021-09-26 13:39:23
467,Betioky,-23.7167,44.3833,73.36,30,0,7.85,MG,2021-09-26 13:39:23
468,La Resolana,19.6,-104.4333,87.93,59,99,4.29,MX,2021-09-26 13:39:23
469,Bilibino,68.0546,166.4372,25.99,97,100,9.1,RU,2021-09-26 13:36:16
470,Cayenne,4.9333,-52.3333,91.44,72,71,8.01,GF,2021-09-26 13:35:33
471,Pangoa,-12.1167,-73.0,92.61,34,91,5.35,PE,2021-09-26 13:39:24
472,Gore,-46.1028,168.9436,29.05,97,9,2.24,NZ,2021-09-26 13:39:24
473,Yambio,4.5721,28.3955,69.67,91,88,2.04,SS,2021-09-26 13:39:25
474,Puquio,-14.7,-74.1333,65.14,44,42,5.7,PE,2021-09-26 13:39:25
475,Sencha,50.2548,33.346,54.14,68,69,11.21,UA,2021-09-26 13:39:25
476,Alyangula,-13.8483,136.4192,71.47,100,82,4.61,AU,2021-09-26 13:39:26
477,Vangaindrano,-23.35,47.6,68.23,82,49,6.17,MG,2021-09-26 13:39:26
478,Biltine,14.5333,20.9167,86.68,37,66,1.61,TD,2021-09-26 13:39:27
479,Satrikh,26.8667,81.2,84.27,77,59,6.13,IN,2021-09-26 13:39:27
480,Goba,7.0167,39.9833,50.02,77,59,4.54,ET,2021-09-26 13:39:27
481,Togur,58.3631,82.8265,36.91,94,100,8.23,RU,2021-09-26 13:39:27
482,Irecê,-11.3042,-41.8558,87.8,29,25,11.39,BR,2021-09-26 13:39:28
483,Barisāl,22.7019,90.3711,80.35,86,8,5.26,BD,2021-09-26 13:39:28
484,Ullal,12.8,74.85,77.95,94,40,0.0,IN,2021-09-26 13:39:29
485,Kutum,14.2,24.6667,76.51,55,77,3.51,SD,2021-09-26 13:39:29
486,Bella Union,-30.2752,-57.6007,79.23,41,1,5.99,UY,2021-09-26 13:39:29
487,Bud,39.447,-86.1758,75.47,46,30,11.74,US,2021-09-26 13:39:30
488,Saint Anthony,45.0205,-93.218,76.14,57,1,3.0,US,2021-09-26 13:34:45
489,Manaus,-3.1019,-60.025,88.3,74,75,8.05,BR,2021-09-26 13:39:30
490,Margate,51.3813,1.3862,66.69,85,100,13.47,GB,2021-09-26 13:39:30
491,Pacific Grove,36.6177,-121.9166,65.28,83,75,1.99,US,2021-09-26 13:39:31
492,Jinchang,38.4953,102.1739,61.7,46,1,2.77,CN,2021-09-26 13:39:31
493,Alushta,44.6667,34.4167,63.03,78,13,7.4,UA,2021-09-26 13:39:32
494,Narsaq,60.9167,-46.05,43.02,42,0,1.86,GL,2021-09-26 13:39:32
495,Kaseda-shirakame,31.4167,130.3167,73.87,83,33,9.15,JP,2021-09-26 13:39:32
496,Shetpe,44.1667,52.1167,56.21,69,19,11.95,KZ,2021-09-26 13:39:33
497,Arman',59.7,150.1667,37.08,70,89,9.73,RU,2021-09-26 13:39:33
498,Nha Trang,12.25,109.1833,78.8,92,60,4.21,VN,2021-09-26 13:39:33
499,Sistranda,63.7256,8.834,57.16,85,97,8.72,NO,2021-09-26 13:39:34
500,Hibbing,47.4272,-92.9377,72.9,43,1,4.61,US,2021-09-26 13:39:34
501,Gonzalez,30.5816,-87.2914,85.75,54,1,1.01,US,2021-09-26 13:36:13
502,Arrondissement de Fontenay-le-Comte,46.5833,-1.0,68.74,80,97,8.57,FR,2021-09-26 13:40:34
503,Tsaratanana,-16.7833,47.65,70.83,44,7,12.88,MG,2021-09-26 13:40:35
504,São Miguel do Araguaia,-13.275,-50.1628,98.74,22,38,7.25,BR,2021-09-26 13:40:35
505,Abalak,58.1286,68.5944,32.99,79,17,9.1,RU,2021-09-26 13:40:35
506,Carndonagh,55.25,-7.2667,53.22,94,100,4.72,IE,2021-09-26 13:40:36
507,Hanchuan,30.65,113.7667,73.51,88,3,12.17,CN,2021-09-26 13:40:36
508,Talaya,61.3833,152.75,24.6,95,88,3.58,RU,2021-09-26 13:40:36
509,Coahuayana Viejo,18.7333,-103.6833,89.11,62,97,5.03,MX,2021-09-26 13:40:37
510,Yur’yevets,57.3201,43.1041,48.2,86,100,11.63,RU,2021-09-26 13:40:37
511,Markova,48.6758,24.4138,56.79,92,34,1.3,UA,2021-09-26 13:40:37
512,Labuhan,-6.8844,112.2051,77.52,85,31,7.9,ID,2021-09-26 13:36:26
513,Taoudenni,22.6783,-3.9836,103.01,6,4,8.7,ML,2021-09-26 13:40:38
514,Polyarny,69.1989,33.4478,46.87,88,97,11.27,RU,2021-09-26 13:40:38
515,Menongue,-14.6585,17.691,73.81,15,8,4.63,AO,2021-09-26 13:36:41
516,Puksoozero,62.5903,40.6066,44.44,97,100,4.74,RU,2021-09-26 13:40:39
517,‘Āhuimanu,21.4447,-157.8378,79.45,75,40,10.36,US,2021-09-26 13:40:39
518,Socorro,31.6546,-106.3033,79.45,47,20,3.44,US,2021-09-26 13:40:39
519,Grand Gaube,-20.0064,57.6608,70.2,89,12,8.01,MU,2021-09-26 13:40:40
520,Bara,10.3744,10.7288,80.83,62,19,2.46,NG,2021-09-26 13:40:40
521,Malartic,48.1335,-78.1328,53.42,86,97,9.78,CA,2021-09-26 13:40:41
522,Altayskoye,51.9533,85.3325,26.85,89,52,5.1,RU,2021-09-26 13:40:41
523,Tunceli,39.1083,39.5471,59.86,34,0,4.09,TR,2021-09-26 13:40:42
524,Saint-André-Avellin,45.7168,-75.066,65.82,54,18,12.44,CA,2021-09-26 13:40:42
525,Kindu,-2.95,25.95,72.03,84,86,2.55,CD,2021-09-26 13:40:42
526,Sārangpur,23.5667,76.4667,77.88,83,86,1.3,IN,2021-09-26 13:40:43
527,Chancay,-11.5714,-77.2672,66.79,71,52,9.28,PE,2021-09-26 13:40:43
528,Gravdal,68.1214,13.5031,53.49,100,75,10.36,NO,2021-09-26 13:40:43
529,Anito,12.4497,125.2886,77.29,92,89,4.29,PH,2021-09-26 13:40:44
530,Nizwá,22.9333,57.5333,90.05,36,92,11.43,OM,2021-09-26 13:40:44
531,Codrington,-38.2667,141.9667,40.93,87,67,7.67,AU,2021-09-26 13:40:45
532,Algeciras,36.1333,-5.4505,76.68,53,0,13.8,ES,2021-09-26 13:40:45
533,Kaitangata,-46.2817,169.8464,32.76,92,22,5.14,NZ,2021-09-26 13:40:46
534,Eureka,40.8021,-124.1637,59.94,76,69,4.0,US,2021-09-26 13:40:46
535,Wichita,37.6922,-97.3375,90.37,28,1,5.99,US,2021-09-26 13:40:10
536,Kaeo,-35.1,173.7833,52.32,92,97,4.14,NZ,2021-09-26 13:40:47
537,Port Hawkesbury,45.6169,-61.3485,66.78,96,90,15.99,CA,2021-09-26 13:40:47
538,Marsh Harbour,26.5412,-77.0636,81.34,66,99,14.54,BS,2021-09-26 13:40:47
539,Waddān,29.1614,16.139,79.12,26,0,8.34,LY,2021-09-26 13:40:48
540,Kęty,49.8821,19.2233,63.88,96,63,6.51,PL,2021-09-26 13:40:48
541,Tārānagar,28.6709,75.0351,84.78,63,0,9.62,IN,2021-09-26 13:40:48
542,Ellisras,-23.6649,27.7443,76.24,26,4,5.93,ZA,2021-09-26 13:40:49
543,Bulgan,48.8125,103.5347,35.29,50,63,1.9,MN,2021-09-26 13:40:50
544,Palmas Bellas,9.2319,-80.0867,90.39,79,99,8.95,PA,2021-09-26 13:40:50
545,Bilma,18.6853,12.9164,90.16,16,0,11.34,NE,2021-09-26 13:40:50
546,Esim,4.8699,-2.2405,75.0,92,100,6.26,GH,2021-09-26 13:40:51
547,Umm Kaddadah,13.6017,26.6876,87.71,40,25,11.43,SD,2021-09-26 13:40:51
548,Anloga,5.7947,0.8973,80.82,77,67,11.05,GH,2021-09-26 13:40:52
549,Xining,36.6167,101.7667,51.42,75,100,0.56,CN,2021-09-26 13:37:03
550,Buala,-8.145,159.5921,79.61,80,64,3.65,SB,2021-09-26 13:40:52
551,Nuuk,64.1835,-51.7216,31.87,61,0,5.99,GL,2021-09-26 13:39:34
552,Nurota,40.5614,65.6886,71.69,37,0,11.07,UZ,2021-09-26 13:41:52
553,Derzhavīnsk,51.1,66.3167,51.28,49,100,28.95,KZ,2021-09-26 13:41:53
554,Dargaville,-35.9333,173.8833,48.27,86,80,4.18,NZ,2021-09-26 13:41:53
555,Palu,-0.8917,119.8707,75.38,97,86,2.59,ID,2021-09-26 13:36:57
556,Valle de Allende,26.9333,-105.4,75.24,43,100,4.72,MX,2021-09-26 13:41:54
557,Barra de Tecoanapa,16.5167,-98.75,85.71,63,95,7.14,MX,2021-09-26 13:41:54
558,Bar Harbor,44.3876,-68.2039,68.02,94,90,10.0,US,2021-09-26 13:41:54
559,Graham,47.0529,-122.2943,61.92,76,90,0.0,US,2021-09-26 13:37:28
560,Sirte,31.2089,16.5887,75.97,62,0,10.78,LY,2021-09-26 13:41:55
561,Huangyan,28.6478,121.2594,67.51,88,54,2.93,CN,2021-09-26 13:41:55
562,Emerald,-23.5333,148.1667,66.34,77,40,14.97,AU,2021-09-26 13:41:55
563,Mongaguá,-24.0931,-46.6208,93.04,69,0,5.57,BR,2021-09-26 13:41:56
564,La Ronge,55.1001,-105.2842,55.65,67,75,3.44,CA,2021-09-26 13:41:56
565,Cruz,-2.9178,-40.1717,88.57,54,78,21.79,BR,2021-09-26 13:41:56
566,Yaan,7.3833,8.5667,75.87,88,70,5.79,NG,2021-09-26 13:41:57
567,Tigil',57.8,158.6667,43.34,85,100,1.5,RU,2021-09-26 13:41:57
568,Cornwall,45.0181,-74.7281,66.61,55,90,6.91,CA,2021-09-26 13:41:57
569,Dunedin,-45.8742,170.5036,35.8,83,18,5.06,NZ,2021-09-26 13:39:49
570,Nemuro,43.3236,145.575,56.66,86,79,11.03,JP,2021-09-26 13:41:58
571,Touho,-20.7833,165.2333,68.94,71,96,11.99,NC,2021-09-26 13:41:58
572,Vestmanna,62.1564,-7.1664,50.92,93,90,13.8,FO,2021-09-26 13:41:59
573,Dashitou,43.3067,128.5114,54.93,97,100,4.14,CN,2021-09-26 13:41:59
574,Saint Andrews,34.0454,-81.1293,82.74,47,20,1.99,US,2021-09-26 13:42:00
